product_id,week,elasticity
P0125,13,0.0
P0144,9,-0.0
P0176,13,-3.404524284763806
P0298,18,-2.1795125817317214
P0327,18,0.7447916666666663
P0332,18,-0.9010237510237512
P0413,9,-3.5039063041647265
P0448,13,-2.439682904411764
P0473,13,0.0
P0514,13,-0.0
P0561,18,2.9440739379299465
